94f99a,127.0.0.1,POST,http://127.0.0.1/Alphabus/web/app_dev.php/_console/commands,1517088152,,200
a3ba70,127.0.0.1,GET,http://127.0.0.1/Alphabus/web/app_dev.php/_console,1517088187,,200
963632,127.0.0.1,GET,http://127.0.0.1/Alphabus/web/app_dev.php/_console,1517088188,,200
efeb16,127.0.0.1,GET,http://127.0.0.1/Alphabus/web/app_dev.php/_console,1517088189,,200
85aaa1,127.0.0.1,GET,http://127.0.0.1/Alphabus/web/app_dev.php/_console,1517088190,,200
6f6713,127.0.0.1,GET,http://127.0.0.1/Alphabus/web/app_dev.php/_console,1517088191,,200
d53412,127.0.0.1,GET,http://127.0.0.1/Alphabus/web/app_dev.php/_console,1517088191,,200
2965d2,127.0.0.1,GET,http://127.0.0.1/Alphabus/web/app_dev.php/_console,1517088192,,200
be20ea,127.0.0.1,POST,http://127.0.0.1/Alphabus/web/app_dev.php/_console/commands,1517088514,,200
3629d9,127.0.0.1,GET,http://127.0.0.1/Alphabus/web/app_dev.php/_console,1517088528,,200
d3558b,127.0.0.1,GET,http://127.0.0.1:8000/,1517088635,ac7f07,200
ac7f07,127.0.0.1,GET,http://127.0.0.1:8000/,1517088635,,500
b79fe7,127.0.0.1,GET,http://127.0.0.1:8000/,1517088640,559e1c,200
559e1c,127.0.0.1,GET,http://127.0.0.1:8000/,1517088640,,500
ffb489,127.0.0.1,GET,http://127.0.0.1:8000/,1517088641,8dad82,200
8dad82,127.0.0.1,GET,http://127.0.0.1:8000/,1517088641,,500
98de40,127.0.0.1,GET,http://127.0.0.1:8000/,1517088641,33e4d7,200
33e4d7,127.0.0.1,GET,http://127.0.0.1:8000/,1517088641,,500
d02a4a,127.0.0.1,GET,http://127.0.0.1:8000/,1517088641,247e6b,200
247e6b,127.0.0.1,GET,http://127.0.0.1:8000/,1517088641,,500
a98834,127.0.0.1,GET,http://127.0.0.1:8000/,1517088660,,200
9f8667,127.0.0.1,GET,http://127.0.0.1:8000/_console,1517088671,,200
f6810c,127.0.0.1,GET,http://127.0.0.1:8000/,1517088724,,200
81ed61,127.0.0.1,GET,http://127.0.0.1:8000/,1517088725,,200
f507da,127.0.0.1,GET,http://127.0.0.1:8000/_console,1517088746,,200
a3f712,127.0.0.1,GET,http://127.0.0.1/Alphabus/web/app_dev.php/,1517088772,,200
de2464,127.0.0.1,GET,http://127.0.0.1/Alphabus/web/app_dev.php/_consoel,1517088780,56ef79,200
56ef79,127.0.0.1,GET,http://127.0.0.1/Alphabus/web/app_dev.php/_consoel,1517088780,,404
9c269d,127.0.0.1,GET,http://127.0.0.1/Alphabus/web/app_dev.php/_console,1517088784,,200
d8013a,127.0.0.1,POST,http://127.0.0.1/Alphabus/web/app_dev.php/_console/commands,1517088786,,200
4a336a,127.0.0.1,GET,http://127.0.0.1/Alphabus/web/app_dev.php/_console,1517089537,,200
46c0b3,127.0.0.1,POST,http://127.0.0.1/Alphabus/web/app_dev.php/_console/commands,1517089540,,200
2bd6e2,127.0.0.1,GET,http://127.0.0.1:8000/,1517089566,,200
b75709,127.0.0.1,GET,http://127.0.0.1:8000/_console,1517089571,,200
05fa3c,127.0.0.1,GET,http://127.0.0.1/Alphabus/web/app_dev.php/,1517089884,,200
5051ca,127.0.0.1,GET,http://127.0.0.1/Alphabus/web/app_dev.php/_console,1517089890,,200
7068a1,127.0.0.1,POST,http://127.0.0.1/Alphabus/web/app_dev.php/_console/commands,1517089892,,200
